Date,Open,High,Low,Close,Volume,Adj Close
20141022  17:00:00,960.75,961.0,959.25,959.5,520,960.2
20141022  17:01:00,959.5,959.5,958.0,958.5,120,958.7
20141022  17:02:00,958.5,958.5,958.0,958.0,85,958.075
20141022  17:03:00,958.25,959.0,958.0,958.75,32,958.55
20141022  17:04:00,958.75,959.25,958.25,958.75,43,958.85
20141022  17:05:00,959.0,959.5,958.75,958.75,31,959.125
20141022  17:06:00,959.0,959.25,958.5,959.25,29,959.1
20141022  17:07:00,959.25,959.25,958.5,959.25,37,958.925
20141022  17:08:00,959.0,959.25,958.5,959.0,20,958.85
20141022  17:09:00,958.75,958.75,958.75,958.75,3,958.75
20141022  17:10:00,958.75,959.25,958.75,959.25,16,959.025
20141022  17:11:00,959.25,959.5,959.0,959.5,38,959.3
20141022  17:12:00,959.5,960.0,959.25,959.75,71,959.525
20141022  17:13:00,960.0,960.25,959.75,960.0,89,959.975
20141022  17:14:00,960.0,960.25,959.75,959.75,34,960.15
20141022  17:15:00,960.0,960.25,959.25,959.25,49,959.675
20141022  17:16:00,959.5,960.0,959.25,960.0,29,959.575
20141022  17:17:00,960.0,960.25,959.5,959.5,20,959.875
20141022  17:18:00,959.5,959.5,959.25,959.25,4,959.375
20141022  17:19:00,959.5,959.75,959.5,959.75,6,959.55
20141022  17:20:00,959.75,959.75,959.75,959.75,0,959.75
20141022  17:21:00,959.75,959.75,959.75,959.75,6,959.75
20141022  17:22:00,960.0,960.25,960.0,960.25,7,960.075
20141022  17:23:00,960.25,960.25,960.25,960.25,3,960.25
20141022  17:24:00,960.0,960.25,960.0,960.25,2,960.125
20141022  17:25:00,960.25,960.25,960.25,960.25,3,960.25
20141022  17:26:00,960.5,960.5,960.5,960.5,1,960.5
20141022  17:27:00,960.5,960.5,960.25,960.25,8,960.475
20141022  17:28:00,960.5,961.0,960.5,961.0,25,960.55
20141022  17:29:00,961.0,961.0,961.0,961.0,1,961.0
20141022  17:30:00,960.75,960.75,960.75,960.75,11,960.75
20141022  17:31:00,960.75,960.75,960.75,960.75,7,960.75
20141022  17:32:00,961.0,961.0,960.5,960.75,13,960.725
20141022  17:33:00,960.5,960.75,960.5,960.75,21,960.625
20141022  17:34:00,961.0,961.25,960.75,961.25,35,961.075
20141022  17:35:00,961.25,961.25,961.25,961.25,5,961.25
20141022  17:36:00,961.25,961.25,961.25,961.25,0,961.25
20141022  17:37:00,961.0,961.0,960.5,960.5,21,960.825
20141022  17:38:00,960.5,960.5,960.5,960.5,3,960.5
20141022  17:39:00,960.5,960.5,960.5,960.5,0,960.5
20141022  17:40:00,960.5,960.5,960.5,960.5,0,960.5
20141022  17:41:00,960.5,960.5,960.5,960.5,0,960.5
20141022  17:42:00,960.5,961.0,960.5,961.0,39,960.775
20141022  17:43:00,961.0,961.0,961.0,961.0,4,961.0
20141022  17:44:00,961.0,961.0,961.0,961.0,0,961.0
20141022  17:45:00,961.0,961.0,961.0,961.0,0,961.0
20141022  17:46:00,961.5,961.5,961.25,961.25,15,961.475
20141022  17:47:00,961.0,961.0,961.0,961.0,1,961.0
20141022  17:48:00,961.25,961.5,961.25,961.5,3,961.325
20141022  17:49:00,961.0,961.0,961.0,961.0,1,961.0
20141022  17:50:00,961.5,961.5,961.0,961.5,14,961.225
20141022  17:51:00,961.25,961.25,961.25,961.25,1,961.25
20141022  17:52:00,961.25,961.25,961.25,961.25,0,961.25
20141022  17:53:00,961.25,961.5,961.25,961.5,5,961.3
20141022  17:54:00,961.25,961.25,961.25,961.25,2,961.25
20141022  17:55:00,961.0,961.0,961.0,961.0,10,961.0
20141022  17:56:00,961.0,961.0,960.75,961.0,30,960.975
20141022  17:57:00,961.0,961.0,961.0,961.0,0,961.0
20141022  17:58:00,961.0,961.0,961.0,961.0,1,961.0
20141022  17:59:00,960.75,960.75,959.5,959.5,53,960.075
20141022  18:00:00,959.25,959.25,958.0,958.0,122,958.4
20141022  18:01:00,958.0,958.25,957.5,957.75,111,957.925
20141022  18:02:00,958.0,958.0,957.25,957.25,24,957.5
20141022  18:03:00,957.25,957.5,957.0,957.5,30,957.075
20141022  18:04:00,957.25,957.25,956.75,956.75,92,956.925
20141022  18:05:00,957.0,957.5,957.0,957.0,25,957.15
20141022  18:06:00,957.0,958.0,957.0,958.0,23,957.35
20141022  18:07:00,957.75,957.75,956.75,957.0,35,957.15
20141022  18:08:00,956.75,956.75,956.75,956.75,60,956.75
20141022  18:09:00,956.75,956.75,956.75,956.75,21,956.75
20141022  18:10:00,956.75,957.5,956.75,957.0,56,957.025
20141022  18:11:00,957.0,957.0,957.0,957.0,12,957.0
20141022  18:12:00,957.25,957.25,956.75,956.75,16,956.975
20141022  18:13:00,957.0,957.0,956.5,956.5,55,956.625
20141022  18:14:00,956.75,956.75,956.0,956.25,85,956.225
20141022  18:15:00,956.0,956.5,956.0,956.5,38,956.3
20141022  18:16:00,956.5,956.5,956.25,956.5,43,956.475
20141022  18:17:00,956.75,957.0,956.75,957.0,10,956.9
20141022  18:18:00,957.0,957.0,957.0,957.0,8,957.0
20141022  18:19:00,956.75,956.75,956.75,956.75,5,956.75
20141022  18:20:00,956.75,957.25,956.5,956.75,134,956.95
20141022  18:21:00,957.0,957.5,956.5,956.75,64,957.0
20141022  18:22:00,956.75,957.5,956.75,957.5,13,957.025
20141022  18:23:00,957.5,957.5,957.5,957.5,4,957.5
20141022  18:24:00,957.5,957.5,957.25,957.25,20,957.45
20141022  18:25:00,957.5,958.25,957.5,958.0,40,957.825
20141022  18:26:00,958.5,958.5,958.25,958.5,11,958.45
20141022  18:27:00,958.5,958.75,958.25,958.5,11,958.5
20141022  18:28:00,958.5,958.75,958.0,958.0,16,958.275
20141022  18:29:00,958.0,958.0,958.0,958.0,5,958.0
20141022  18:30:00,958.0,958.0,958.0,958.0,0,958.0
20141022  18:31:00,958.0,958.0,958.0,958.0,1,958.0
20141022  18:32:00,958.25,958.25,958.0,958.0,3,958.175
20141022  18:33:00,958.25,958.75,958.25,958.5,12,958.5
20141022  18:34:00,959.0,959.0,959.0,959.0,14,959.0
20141022  18:35:00,959.25,960.5,959.25,960.25,64,960.0
20141022  18:36:00,960.25,960.5,959.75,960.0,33,960.075
20141022  18:37:00,960.0,960.25,960.0,960.25,18,960.025
20141022  18:38:00,960.25,960.5,960.0,960.0,6,960.125
20141022  18:39:00,960.25,960.25,960.25,960.25,1,960.25
20141022  18:40:00,960.5,960.5,960.0,960.25,22,960.25
20141022  18:41:00,960.25,960.25,959.5,959.5,36,959.975
20141022  18:42:00,959.75,959.75,959.75,959.75,2,959.75
20141022  18:43:00,959.75,959.75,959.75,959.75,5,959.75
20141022  18:44:00,960.0,960.0,959.75,959.75,4,959.8
20141022  18:45:00,959.5,959.5,959.5,959.5,1,959.5
20141022  18:46:00,959.5,959.5,959.5,959.5,16,959.5
20141022  18:47:00,958.75,958.75,958.5,958.5,6,958.625
20141022  18:48:00,958.25,958.5,957.75,958.0,22,958.175
20141022  18:49:00,958.0,958.0,958.0,958.0,0,958.0
20141022  18:50:00,958.25,958.25,958.0,958.25,8,958.225
20141022  18:51:00,958.25,959.0,958.25,959.0,21,958.575
20141022  18:52:00,959.0,960.0,959.0,959.75,36,959.5
20141022  18:53:00,960.0,960.0,959.75,960.0,6,959.95
20141022  18:54:00,959.75,960.0,959.75,960.0,5,959.9
20141022  18:55:00,959.75,960.5,959.75,960.5,19,960.125
20141022  18:56:00,960.75,960.75,960.5,960.5,5,960.7
20141022  18:57:00,960.25,960.25,960.25,960.25,2,960.25
20141022  18:58:00,960.0,960.0,959.75,960.0,12,959.95
20141022  18:59:00,960.0,961.0,960.0,961.0,31,960.45
20141022  19:00:00,961.25,961.75,961.0,961.0,43,961.325
20141022  19:01:00,961.25,961.5,961.25,961.5,24,961.425
20141022  19:02:00,961.5,961.75,961.5,961.75,14,961.65
20141022  19:03:00,961.75,961.75,961.25,961.5,6,961.55
20141022  19:04:00,961.5,961.75,961.5,961.75,2,961.625
20141022  19:05:00,961.75,961.75,961.75,961.75,1,961.75
20141022  19:06:00,961.25,961.25,961.25,961.25,1,961.25
20141022  19:07:00,961.5,961.75,961.5,961.75,21,961.7
20141022  19:08:00,961.75,961.75,961.75,961.75,0,961.75
20141022  19:09:00,961.75,961.75,961.75,961.75,1,961.75
20141022  19:10:00,961.75,961.75,961.75,961.75,0,961.75
20141022  19:11:00,961.75,961.75,961.5,961.75,4,961.7
20141022  19:12:00,961.25,961.25,961.25,961.25,2,961.25
20141022  19:13:00,961.25,961.25,961.25,961.25,0,961.25
20141022  19:14:00,961.25,961.25,961.25,961.25,0,961.25
20141022  19:15:00,960.75,960.75,960.5,960.5,3,960.675
20141022  19:16:00,960.25,960.5,960.25,960.5,2,960.375
20141022  19:17:00,960.5,960.5,960.5,960.5,0,960.5
20141022  19:18:00,960.5,960.75,960.5,960.75,2,960.625
20141022  19:19:00,961.0,961.0,960.75,960.75,4,960.925
20141022  19:20:00,960.75,960.75,960.75,960.75,1,960.75
20141022  19:21:00,960.75,960.75,960.75,960.75,0,960.75
20141022  19:22:00,960.75,960.75,960.75,960.75,0,960.75
20141022  19:23:00,960.75,960.75,960.75,960.75,1,960.75
20141022  19:24:00,960.75,960.75,960.75,960.75,0,960.75
20141022  19:25:00,960.5,960.5,960.5,960.5,15,960.5
20141022  19:26:00,960.25,960.25,960.0,960.0,11,960.15
20141022  19:27:00,960.0,960.0,959.0,959.0,53,959.425
20141022  19:28:00,958.75,958.75,958.75,958.75,2,958.75
20141022  19:29:00,958.75,958.75,958.5,958.5,8,958.6
20141022  19:30:00,958.5,958.75,958.5,958.75,4,958.575
20141022  19:31:00,959.0,959.0,959.0,959.0,6,959.0
20141022  19:32:00,959.25,959.25,959.25,959.25,1,959.25
20141022  19:33:00,959.5,959.5,959.5,959.5,1,959.5
20141022  19:34:00,959.5,959.5,959.5,959.5,0,959.5
20141022  19:35:00,959.5,959.5,959.5,959.5,0,959.5
20141022  19:36:00,959.5,959.5,959.5,959.5,1,959.5
20141022  19:37:00,959.5,959.75,959.5,959.75,3,959.675
20141022  19:38:00,960.0,960.25,960.0,960.25,20,960.0
20141022  19:39:00,960.25,960.25,960.0,960.0,5,960.1
20141022  19:40:00,960.0,960.0,960.0,960.0,1,960.0
20141022  19:41:00,960.0,960.0,960.0,960.0,6,960.0
20141022  19:42:00,960.0,960.0,960.0,960.0,0,960.0
20141022  19:43:00,960.0,960.0,960.0,960.0,0,960.0
20141022  19:44:00,960.0,960.0,960.0,960.0,0,960.0
20141022  19:45:00,960.0,960.0,960.0,960.0,0,960.0
20141022  19:46:00,960.25,961.0,960.25,960.75,31,960.825
20141022  19:47:00,960.5,960.5,960.5,960.5,2,960.5
20141022  19:48:00,960.75,960.75,960.75,960.75,1,960.75
20141022  19:49:00,960.75,961.0,960.75,960.75,8,960.775
20141022  19:50:00,960.5,960.5,960.5,960.5,8,960.5
20141022  19:51:00,960.25,960.25,960.25,960.25,7,960.25
20141022  19:52:00,960.25,960.25,960.25,960.25,0,960.25
20141022  19:53:00,960.25,960.25,960.25,960.25,1,960.25
20141022  19:54:00,960.25,960.25,960.25,960.25,0,960.25
20141022  19:55:00,960.25,960.25,960.25,960.25,0,960.25
20141022  19:56:00,960.25,960.25,960.25,960.25,0,960.25
20141022  19:57:00,960.25,960.25,960.25,960.25,3,960.25
20141022  19:58:00,960.25,960.25,960.25,960.25,0,960.25
20141022  19:59:00,960.25,960.25,960.25,960.25,0,960.25
20141022  20:00:00,960.0,960.0,960.0,960.0,1,960.0
20141022  20:01:00,960.0,960.0,960.0,960.0,1,960.0
20141022  20:02:00,960.0,960.0,960.0,960.0,0,960.0
20141022  20:03:00,960.0,960.0,960.0,960.0,0,960.0
20141022  20:04:00,960.0,960.0,960.0,960.0,0,960.0
20141022  20:05:00,960.0,960.0,960.0,960.0,0,960.0
20141022  20:06:00,960.5,960.75,960.5,960.75,3,960.575
20141022  20:07:00,961.0,961.0,961.0,961.0,11,961.0
20141022  20:08:00,961.0,961.0,961.0,961.0,0,961.0
20141022  20:09:00,961.0,961.0,961.0,961.0,3,961.0
20141022  20:10:00,961.0,961.0,961.0,961.0,0,961.0
20141022  20:11:00,961.0,961.0,961.0,961.0,0,961.0
20141022  20:12:00,961.0,961.0,961.0,961.0,0,961.0
20141022  20:13:00,961.0,961.0,961.0,961.0,0,961.0
20141022  20:14:00,961.0,961.0,961.0,961.0,0,961.0
20141022  20:15:00,961.0,961.25,961.0,961.25,2,961.125
20141022  20:16:00,961.25,961.25,961.0,961.0,4,961.075
20141022  20:17:00,960.75,960.75,960.75,960.75,12,960.75
20141022  20:18:00,960.75,961.0,960.75,960.75,11,960.775
20141022  20:19:00,960.5,960.5,960.5,960.5,8,960.5
20141022  20:20:00,960.5,960.5,960.5,960.5,2,960.5
20141022  20:21:00,960.5,960.5,960.5,960.5,8,960.5
20141022  20:22:00,960.5,960.5,960.5,960.5,0,960.5
20141022  20:23:00,961.0,961.0,961.0,961.0,6,961.0
20141022  20:24:00,961.0,961.0,961.0,961.0,0,961.0
20141022  20:25:00,961.0,961.0,961.0,961.0,0,961.0
20141022  20:26:00,961.0,961.0,961.0,961.0,0,961.0
20141022  20:27:00,961.25,961.5,961.25,961.25,40,961.45
20141022  20:28:00,961.25,961.25,961.0,961.0,7,961.075
20141022  20:29:00,961.5,961.5,961.5,961.5,3,961.5
20141022  20:30:00,961.5,961.5,961.5,961.5,0,961.5
20141022  20:31:00,961.5,961.5,961.5,961.5,1,961.5
20141022  20:32:00,961.5,961.5,961.5,961.5,0,961.5
20141022  20:33:00,961.75,961.75,961.5,961.5,10,961.55
20141022  20:34:00,961.5,961.5,961.5,961.5,3,961.5
20141022  20:35:00,961.5,961.5,961.5,961.5,3,961.5
20141022  20:36:00,961.5,961.5,961.5,961.5,8,961.5
20141022  20:37:00,961.5,961.5,961.5,961.5,0,961.5
20141022  20:38:00,961.25,961.25,961.0,961.0,6,961.2
20141022  20:39:00,961.25,961.25,961.0,961.0,6,961.2
20141022  20:40:00,961.0,961.0,961.0,961.0,0,961.0
20141022  20:41:00,961.0,961.0,961.0,961.0,0,961.0
20141022  20:42:00,960.75,960.75,960.75,960.75,7,960.75
20141022  20:43:00,960.75,960.75,960.75,960.75,0,960.75
20141022  20:44:00,960.75,960.75,960.75,960.75,1,960.75
20141022  20:45:00,960.75,960.75,960.75,960.75,0,960.75
20141022  20:46:00,960.75,960.75,960.75,960.75,0,960.75
20141022  20:47:00,960.75,960.75,960.75,960.75,0,960.75
20141022  20:48:00,960.75,960.75,960.75,960.75,0,960.75
20141022  20:49:00,960.75,960.75,960.75,960.75,0,960.75
20141022  20:50:00,961.0,961.0,961.0,961.0,5,961.0
20141022  20:51:00,961.0,961.0,961.0,961.0,0,961.0
20141022  20:52:00,961.0,961.0,961.0,961.0,0,961.0
20141022  20:53:00,961.0,961.0,961.0,961.0,0,961.0
20141022  20:54:00,961.0,961.0,961.0,961.0,0,961.0
20141022  20:55:00,961.0,961.0,961.0,961.0,0,961.0
20141022  20:56:00,961.0,961.0,961.0,961.0,0,961.0
20141022  20:57:00,961.25,961.25,961.25,961.25,1,961.25
20141022  20:58:00,961.25,961.25,961.25,961.25,1,961.25
20141022  20:59:00,961.25,961.25,961.25,961.25,0,961.25
20141022  21:00:00,961.0,961.0,960.75,961.0,33,960.975
20141022  21:01:00,961.0,961.0,961.0,961.0,0,961.0
20141022  21:02:00,961.0,961.0,961.0,961.0,0,961.0
20141022  21:03:00,961.0,961.0,961.0,961.0,0,961.0
20141022  21:04:00,961.0,961.0,961.0,961.0,0,961.0
20141022  21:05:00,961.0,961.0,961.0,961.0,0,961.0
20141022  21:06:00,961.0,961.0,961.0,961.0,0,961.0
20141022  21:07:00,961.25,961.25,961.25,961.25,1,961.25
20141022  21:08:00,961.25,961.25,961.25,961.25,0,961.25
20141022  21:09:00,961.25,961.25,961.25,961.25,0,961.25
20141022  21:10:00,961.25,961.25,961.25,961.25,0,961.25
20141022  21:11:00,961.25,961.25,961.25,961.25,0,961.25
20141022  21:12:00,961.25,961.25,961.25,961.25,1,961.25
20141022  21:13:00,961.25,961.25,961.25,961.25,0,961.25
20141022  21:14:00,961.25,961.25,961.25,961.25,1,961.25
20141022  21:15:00,961.25,961.25,961.0,961.0,14,961.025
20141022  21:16:00,961.0,961.0,961.0,961.0,0,961.0
20141022  21:17:00,961.0,961.0,961.0,961.0,0,961.0
20141022  21:18:00,961.0,961.0,961.0,961.0,0,961.0
20141022  21:19:00,961.0,961.0,961.0,961.0,0,961.0
20141022  21:20:00,961.0,961.0,961.0,961.0,0,961.0
20141022  21:21:00,961.0,961.0,961.0,961.0,0,961.0
20141022  21:22:00,961.0,961.0,961.0,961.0,4,961.0
20141022  21:23:00,961.25,961.5,961.25,961.5,10,961.375
20141022  21:24:00,961.5,961.5,961.5,961.5,0,961.5
20141022  21:25:00,961.5,961.5,961.5,961.5,0,961.5
20141022  21:26:00,961.5,961.5,961.5,961.5,3,961.5
20141022  21:27:00,961.5,961.5,961.5,961.5,0,961.5
20141022  21:28:00,961.5,961.5,961.5,961.5,0,961.5
20141022  21:29:00,961.5,961.5,961.5,961.5,0,961.5
20141022  21:30:00,961.5,961.75,961.5,961.75,3,961.575
20141022  21:31:00,961.75,961.75,961.75,961.75,0,961.75
20141022  21:32:00,961.75,961.75,961.75,961.75,4,961.75
20141022  21:33:00,961.75,961.75,961.75,961.75,0,961.75
20141022  21:34:00,961.75,961.75,961.75,961.75,0,961.75
20141022  21:35:00,961.75,961.75,961.75,961.75,0,961.75
20141022  21:36:00,961.75,961.75,961.75,961.75,1,961.75
20141022  21:37:00,961.5,961.75,961.5,961.75,2,961.625
20141022  21:38:00,961.75,961.75,961.75,961.75,1,961.75
20141022  21:39:00,961.75,961.75,961.75,961.75,2,961.75
20141022  21:40:00,961.5,961.5,961.25,961.25,16,961.425
20141022  21:41:00,961.0,961.0,961.0,961.0,23,961.0
20141022  21:42:00,961.0,961.0,961.0,961.0,0,961.0
20141022  21:43:00,961.0,961.0,960.75,961.0,10,960.925
20141022  21:44:00,961.0,961.0,961.0,961.0,12,961.0
20141022  21:45:00,961.0,961.0,961.0,961.0,3,961.0
20141022  21:46:00,961.0,961.0,960.75,961.0,13,960.975
20141022  21:47:00,961.0,961.0,961.0,961.0,74,961.0
20141022  21:48:00,961.0,961.0,960.75,961.0,51,960.9
20141022  21:49:00,961.0,961.0,960.75,961.0,44,960.95
20141022  21:50:00,961.0,961.0,961.0,961.0,0,961.0
20141022  21:51:00,961.0,961.0,961.0,961.0,0,961.0
20141022  21:52:00,961.0,961.0,961.0,961.0,0,961.0
20141022  21:53:00,961.0,961.0,961.0,961.0,0,961.0
20141022  21:54:00,961.0,961.0,961.0,961.0,0,961.0
20141022  21:55:00,961.0,961.0,961.0,961.0,0,961.0
20141022  21:56:00,961.25,961.25,961.25,961.25,1,961.25
20141022  21:57:00,961.25,961.25,961.25,961.25,1,961.25
20141022  21:58:00,961.25,961.25,961.25,961.25,1,961.25
20141022  21:59:00,961.25,961.25,961.25,961.25,1,961.25
20141022  22:00:00,961.0,961.0,961.0,961.0,3,961.0
20141022  22:01:00,961.25,961.25,961.0,961.0,3,961.175
20141022  22:02:00,961.0,961.25,961.0,961.25,4,961.125
20141022  22:03:00,961.25,961.25,961.25,961.25,0,961.25
20141022  22:04:00,961.25,961.25,961.25,961.25,1,961.25
20141022  22:05:00,961.25,961.25,961.25,961.25,1,961.25
20141022  22:06:00,961.25,961.25,961.25,961.25,10,961.25
20141022  22:07:00,961.25,961.25,961.25,961.25,1,961.25
20141022  22:08:00,961.25,961.25,961.25,961.25,1,961.25
20141022  22:09:00,961.25,961.25,961.25,961.25,2,961.25
20141022  22:10:00,961.25,961.25,961.25,961.25,0,961.25
20141022  22:11:00,961.25,961.25,961.25,961.25,1,961.25
20141022  22:12:00,961.25,961.25,961.25,961.25,0,961.25
20141022  22:13:00,961.25,961.25,961.0,961.0,3,961.075
20141022  22:14:00,961.0,961.25,961.0,961.25,3,961.075
20141022  22:15:00,961.25,961.25,961.25,961.25,3,961.25
20141022  22:16:00,961.25,961.25,961.25,961.25,0,961.25
20141022  22:17:00,961.25,961.25,961.25,961.25,1,961.25
20141022  22:18:00,961.0,961.0,961.0,961.0,1,961.0
20141022  22:19:00,961.0,961.0,961.0,961.0,4,961.0
20141022  22:20:00,961.0,961.0,961.0,961.0,0,961.0
20141022  22:21:00,961.0,961.0,961.0,961.0,0,961.0
20141022  22:22:00,961.25,961.25,961.25,961.25,1,961.25
20141022  22:23:00,961.25,961.25,961.25,961.25,0,961.25
20141022  22:24:00,961.25,961.25,961.25,961.25,0,961.25
20141022  22:25:00,961.25,961.25,961.25,961.25,1,961.25
20141022  22:26:00,961.25,961.25,961.25,961.25,0,961.25
20141022  22:27:00,961.25,961.25,961.25,961.25,0,961.25
20141022  22:28:00,961.5,961.5,961.5,961.5,1,961.5
20141022  22:29:00,961.25,961.25,961.25,961.25,12,961.25
20141022  22:30:00,961.25,961.25,961.25,961.25,0,961.25
20141022  22:31:00,961.0,961.0,960.75,961.0,21,960.975
20141022  22:32:00,961.25,961.25,961.25,961.25,1,961.25
20141022  22:33:00,961.25,961.25,961.25,961.25,1,961.25
20141022  22:34:00,961.25,961.25,961.25,961.25,0,961.25
20141022  22:35:00,961.25,961.5,961.25,961.5,5,961.4
20141022  22:36:00,961.25,961.25,961.25,961.25,1,961.25
20141022  22:37:00,961.25,961.25,961.25,961.25,0,961.25
20141022  22:38:00,961.25,961.25,961.25,961.25,0,961.25
20141022  22:39:00,961.25,961.25,961.25,961.25,0,961.25
20141022  22:40:00,961.25,961.25,961.25,961.25,0,961.25
20141022  22:41:00,961.5,961.5,961.5,961.5,2,961.5
20141022  22:42:00,961.5,961.5,961.5,961.5,0,961.5
20141022  22:43:00,961.5,961.5,961.5,961.5,0,961.5
20141022  22:44:00,961.5,961.5,961.5,961.5,0,961.5
20141022  22:45:00,961.5,961.75,961.5,961.75,10,961.725
20141022  22:46:00,961.75,961.75,961.75,961.75,0,961.75
20141022  22:47:00,961.75,961.75,961.75,961.75,0,961.75
20141022  22:48:00,961.75,961.75,961.75,961.75,0,961.75
20141022  22:49:00,961.75,961.75,961.75,961.75,0,961.75
20141022  22:50:00,961.75,961.75,961.75,961.75,0,961.75
20141022  22:51:00,961.75,961.75,961.75,961.75,1,961.75
20141022  22:52:00,961.75,961.75,961.75,961.75,0,961.75
20141022  22:53:00,961.5,961.5,961.5,961.5,5,961.5
20141022  22:54:00,961.5,961.5,961.5,961.5,0,961.5
20141022  22:55:00,961.5,961.75,961.5,961.75,10,961.575
20141022  22:56:00,961.75,961.75,961.75,961.75,3,961.75
20141022  22:57:00,961.75,961.75,961.75,961.75,1,961.75
20141022  22:58:00,961.75,961.75,961.75,961.75,0,961.75
20141022  22:59:00,961.75,961.75,961.75,961.75,0,961.75
20141022  23:00:00,962.0,962.0,962.0,962.0,4,962.0
20141022  23:01:00,961.75,962.0,961.5,962.0,15,961.775
20141022  23:02:00,961.75,962.0,961.75,962.0,14,961.925
20141022  23:03:00,962.0,962.0,962.0,962.0,0,962.0
20141022  23:04:00,962.0,962.0,962.0,962.0,3,962.0
20141022  23:05:00,962.0,962.0,961.75,961.75,26,961.925
20141022  23:06:00,961.75,961.75,961.75,961.75,0,961.75
20141022  23:07:00,961.75,961.75,961.75,961.75,0,961.75
20141022  23:08:00,961.75,961.75,961.75,961.75,0,961.75
20141022  23:09:00,962.0,962.0,961.25,961.25,21,961.6
20141022  23:10:00,961.0,961.75,960.75,961.0,54,961.1
20141022  23:11:00,961.0,961.0,961.0,961.0,0,961.0
20141022  23:12:00,961.0,961.0,961.0,961.0,0,961.0
20141022  23:13:00,961.25,961.5,961.25,961.5,4,961.3
20141022  23:14:00,961.25,961.25,961.25,961.25,1,961.25
20141022  23:15:00,961.25,961.25,961.25,961.25,0,961.25
20141022  23:16:00,961.25,961.25,961.25,961.25,0,961.25
20141022  23:17:00,961.25,961.25,961.25,961.25,0,961.25
20141022  23:18:00,961.25,961.25,961.25,961.25,0,961.25
20141022  23:19:00,961.5,961.5,961.5,961.5,2,961.5
20141022  23:20:00,961.5,961.5,961.5,961.5,3,961.5
20141022  23:21:00,961.5,961.5,961.5,961.5,2,961.5
20141022  23:22:00,961.5,961.5,961.5,961.5,0,961.5
20141022  23:23:00,961.5,961.5,961.5,961.5,9,961.5
20141022  23:24:00,961.25,961.25,961.0,961.0,4,961.125
20141022  23:25:00,961.0,961.0,961.0,961.0,0,961.0
20141022  23:26:00,961.0,961.0,961.0,961.0,0,961.0
20141022  23:27:00,961.0,961.0,961.0,961.0,0,961.0
20141022  23:28:00,961.5,961.5,961.5,961.5,2,961.5
20141022  23:29:00,961.5,961.5,961.5,961.5,0,961.5
20141022  23:30:00,961.25,961.25,961.25,961.25,5,961.25
20141022  23:31:00,961.25,961.25,961.25,961.25,0,961.25
20141022  23:32:00,961.5,961.5,961.5,961.5,5,961.5
20141022  23:33:00,961.5,961.5,961.5,961.5,0,961.5
20141022  23:34:00,961.5,961.5,961.5,961.5,0,961.5
20141022  23:35:00,961.75,961.75,961.75,961.75,8,961.75
20141022  23:36:00,961.75,961.75,961.75,961.75,0,961.75
20141022  23:37:00,961.75,961.75,961.75,961.75,0,961.75
20141022  23:38:00,961.5,961.5,961.5,961.5,6,961.5
20141022  23:39:00,961.25,961.25,961.25,961.25,2,961.25
20141022  23:40:00,961.25,961.25,961.25,961.25,0,961.25
20141022  23:41:00,961.75,962.0,961.75,962.0,26,961.75
20141022  23:42:00,962.0,962.0,962.0,962.0,39,962.0
20141022  23:43:00,962.0,962.0,962.0,962.0,2,962.0
20141022  23:44:00,962.0,962.0,962.0,962.0,21,962.0
20141022  23:45:00,962.0,962.0,962.0,962.0,0,962.0
20141022  23:46:00,962.25,962.25,962.0,962.0,13,962.125
20141022  23:47:00,961.75,961.75,961.75,961.75,1,961.75
20141022  23:48:00,961.75,961.75,961.75,961.75,0,961.75
20141022  23:49:00,961.75,961.75,961.75,961.75,1,961.75
20141022  23:50:00,961.75,961.75,961.75,961.75,0,961.75
20141022  23:51:00,961.75,961.75,961.75,961.75,0,961.75
20141022  23:52:00,961.75,961.75,961.75,961.75,0,961.75
20141022  23:53:00,961.75,961.75,961.75,961.75,0,961.75
20141022  23:54:00,962.0,962.0,962.0,962.0,3,962.0
20141022  23:55:00,962.0,962.0,962.0,962.0,1,962.0
20141022  23:56:00,962.0,962.0,962.0,962.0,0,962.0
20141022  23:57:00,962.0,962.0,962.0,962.0,2,962.0
20141022  23:58:00,961.75,961.75,961.5,961.5,5,961.55
20141022  23:59:00,961.5,961.5,961.25,961.5,31,961.35
20141023  00:00:00,961.5,961.5,961.5,961.5,0,961.5
20141023  00:01:00,961.5,961.5,961.5,961.5,0,961.5
20141023  00:02:00,961.75,961.75,961.75,961.75,1,961.75
20141023  00:03:00,962.0,962.0,961.75,961.75,2,961.875
20141023  00:04:00,961.75,961.75,961.75,961.75,0,961.75
20141023  00:05:00,961.75,962.0,961.75,962.0,4,961.825
20141023  00:06:00,962.0,962.0,962.0,962.0,0,962.0
20141023  00:07:00,962.0,962.0,962.0,962.0,0,962.0
20141023  00:08:00,962.0,962.0,962.0,962.0,0,962.0
20141023  00:09:00,962.0,962.25,962.0,962.25,8,962.075
20141023  00:10:00,962.25,962.25,962.25,962.25,0,962.25
20141023  00:11:00,962.25,962.25,962.25,962.25,0,962.25
20141023  00:12:00,962.25,962.25,962.25,962.25,1,962.25
20141023  00:13:00,962.25,962.25,962.0,962.0,16,962.1
20141023  00:14:00,962.0,962.0,962.0,962.0,6,962.0
20141023  00:15:00,962.0,962.0,962.0,962.0,0,962.0
20141023  00:16:00,962.0,962.0,962.0,962.0,6,962.0
20141023  00:17:00,962.0,962.5,962.0,962.5,26,962.225
20141023  00:18:00,962.5,962.5,962.5,962.5,0,962.5
20141023  00:19:00,962.5,962.5,962.5,962.5,0,962.5
20141023  00:20:00,962.0,962.0,962.0,962.0,5,962.0
20141023  00:21:00,961.75,961.75,961.75,961.75,13,961.75
20141023  00:22:00,961.75,961.75,961.5,961.5,17,961.575
20141023  00:23:00,961.5,961.5,961.5,961.5,2,961.5
20141023  00:24:00,961.75,962.0,961.75,962.0,13,961.9
20141023  00:25:00,961.75,961.75,961.5,961.75,8,961.6
20141023  00:26:00,961.75,961.75,961.75,961.75,5,961.75
20141023  00:27:00,961.5,961.5,961.25,961.25,6,961.45
20141023  00:28:00,961.25,961.25,961.25,961.25,2,961.25
20141023  00:29:00,961.25,961.5,961.25,961.5,3,961.325
20141023  00:30:00,961.5,961.75,961.5,961.75,5,961.6
20141023  00:31:00,961.75,961.75,961.75,961.75,0,961.75
20141023  00:32:00,961.75,961.75,961.75,961.75,0,961.75
20141023  00:33:00,961.75,961.75,961.75,961.75,0,961.75
20141023  00:34:00,962.0,962.0,962.0,962.0,1,962.0
20141023  00:35:00,962.25,962.5,962.25,962.5,25,962.45
20141023  00:36:00,962.25,962.5,962.25,962.5,7,962.325
20141023  00:37:00,962.5,962.5,962.5,962.5,0,962.5
20141023  00:38:00,962.5,962.5,962.5,962.5,0,962.5
20141023  00:39:00,962.75,963.0,962.5,963.0,144,962.9
20141023  00:40:00,962.75,963.0,962.75,963.0,16,962.95
20141023  00:41:00,962.75,962.75,962.25,962.25,13,962.4
20141023  00:42:00,962.25,962.25,962.25,962.25,0,962.25
20141023  00:43:00,962.25,962.75,961.75,962.0,11,962.1
20141023  00:44:00,961.5,963.0,961.5,963.0,99,962.125
20141023  00:45:00,962.5,962.5,962.25,962.25,2,962.375
20141023  00:46:00,962.25,962.25,962.25,962.25,0,962.25
20141023  00:47:00,962.25,962.25,962.25,962.25,0,962.25
20141023  00:48:00,962.25,962.25,962.25,962.25,0,962.25
20141023  00:49:00,962.25,962.25,962.25,962.25,0,962.25
20141023  00:50:00,962.25,962.25,962.25,962.25,0,962.25
20141023  00:51:00,962.25,962.25,962.25,962.25,0,962.25
20141023  00:52:00,962.25,962.25,962.25,962.25,0,962.25
20141023  00:53:00,962.0,962.0,962.0,962.0,7,962.0
20141023  00:54:00,962.0,962.0,962.0,962.0,0,962.0
20141023  00:55:00,962.0,962.25,962.0,962.25,35,962.05
20141023  00:56:00,962.25,962.25,962.25,962.25,0,962.25
20141023  00:57:00,962.0,962.25,962.0,962.25,18,962.075
20141023  00:58:00,962.25,962.25,962.25,962.25,0,962.25
20141023  00:59:00,962.25,962.25,962.25,962.25,0,962.25
20141023  01:00:00,962.25,962.25,962.25,962.25,43,962.25
20141023  01:01:00,962.25,962.25,962.25,962.25,0,962.25
20141023  01:02:00,962.25,962.25,962.25,962.25,0,962.25
20141023  01:03:00,962.25,962.25,962.25,962.25,5,962.25
20141023  01:04:00,963.0,963.0,963.0,963.0,4,963.0
20141023  01:05:00,963.0,963.0,962.75,963.0,3,962.925
20141023  01:06:00,963.0,963.0,963.0,963.0,2,963.0
20141023  01:07:00,962.75,962.75,962.75,962.75,4,962.75
20141023  01:08:00,962.75,962.75,962.75,962.75,0,962.75
20141023  01:09:00,962.75,962.75,962.75,962.75,0,962.75
20141023  01:10:00,962.75,962.75,962.75,962.75,0,962.75
20141023  01:11:00,962.5,962.75,962.25,962.25,6,962.425
20141023  01:12:00,962.5,962.5,962.5,962.5,1,962.5
20141023  01:13:00,962.5,962.5,962.5,962.5,0,962.5
20141023  01:14:00,962.5,962.5,962.5,962.5,0,962.5
20141023  01:15:00,962.5,962.5,962.5,962.5,0,962.5
20141023  01:16:00,962.5,962.5,962.5,962.5,0,962.5
20141023  01:17:00,962.75,962.75,962.75,962.75,1,962.75
20141023  01:18:00,962.75,963.5,962.75,963.25,22,963.175
20141023  01:19:00,963.25,963.75,963.0,963.75,55,963.475
20141023  01:20:00,963.5,963.5,963.0,963.5,25,963.3
20141023  01:21:00,963.5,963.5,963.5,963.5,0,963.5
20141023  01:22:00,963.5,963.5,963.5,963.5,0,963.5
20141023  01:23:00,963.5,963.5,963.5,963.5,0,963.5
20141023  01:24:00,963.5,963.5,963.5,963.5,0,963.5
20141023  01:25:00,963.25,963.5,963.25,963.25,10,963.275
20141023  01:26:00,962.75,963.75,962.75,963.75,22,963.35
20141023  01:27:00,963.5,963.75,963.5,963.75,20,963.7
20141023  01:28:00,963.75,963.75,963.75,963.75,1,963.75
20141023  01:29:00,963.5,963.5,963.25,963.25,8,963.475
20141023  01:30:00,963.25,963.25,963.0,963.0,2,963.125
20141023  01:31:00,963.0,963.0,963.0,963.0,0,963.0
20141023  01:32:00,963.0,963.0,963.0,963.0,0,963.0
20141023  01:33:00,963.0,963.0,963.0,963.0,0,963.0
20141023  01:34:00,963.0,963.25,963.0,963.25,25,963.025
20141023  01:35:00,963.0,963.0,962.75,963.0,21,963.0
20141023  01:36:00,963.0,963.0,963.0,963.0,3,963.0
20141023  01:37:00,963.0,963.0,962.75,962.75,27,962.85
20141023  01:38:00,962.75,963.0,962.75,962.75,3,962.825
20141023  01:39:00,962.75,962.75,962.75,962.75,0,962.75
20141023  01:40:00,963.0,963.0,962.75,963.0,17,962.775
20141023  01:41:00,962.75,962.75,962.75,962.75,5,962.75
20141023  01:42:00,962.75,962.75,962.75,962.75,1,962.75
20141023  01:43:00,962.75,962.75,962.75,962.75,0,962.75
20141023  01:44:00,962.5,962.5,962.25,962.5,12,962.4
20141023  01:45:00,963.0,963.5,963.0,963.5,20,963.225
20141023  01:46:00,963.5,963.5,963.5,963.5,4,963.5
20141023  01:47:00,963.5,963.5,963.5,963.5,5,963.5
20141023  01:48:00,963.5,963.5,963.5,963.5,0,963.5
20141023  01:49:00,963.0,963.0,962.25,962.25,22,962.5
20141023  01:50:00,962.25,962.25,962.25,962.25,0,962.25
20141023  01:51:00,962.25,962.25,962.25,962.25,0,962.25
20141023  01:52:00,962.25,962.25,962.25,962.25,0,962.25
20141023  01:53:00,962.25,962.25,962.25,962.25,0,962.25
20141023  01:54:00,962.75,962.75,962.75,962.75,1,962.75
20141023  01:55:00,962.75,962.75,962.75,962.75,0,962.75
20141023  01:56:00,963.0,963.25,963.0,963.25,3,963.175
20141023  01:57:00,963.25,963.25,963.25,963.25,2,963.25
20141023  01:58:00,963.5,963.5,963.5,963.5,1,963.5
20141023  01:59:00,963.5,963.5,963.5,963.5,7,963.5
20141023  02:00:00,963.5,963.5,963.25,963.25,11,963.425
20141023  02:01:00,963.25,963.25,963.25,963.25,0,963.25
20141023  02:02:00,963.5,963.5,963.5,963.5,12,963.5
20141023  02:03:00,963.5,963.5,963.5,963.5,7,963.5
20141023  02:04:00,963.5,963.5,963.5,963.5,0,963.5
20141023  02:05:00,963.5,963.5,963.5,963.5,1,963.5
20141023  02:06:00,963.5,963.5,963.5,963.5,0,963.5
20141023  02:07:00,963.25,963.25,963.25,963.25,2,963.25
20141023  02:08:00,963.5,963.5,963.5,963.5,2,963.5
20141023  02:09:00,963.5,963.5,963.5,963.5,5,963.5
20141023  02:10:00,963.75,964.0,963.75,964.0,19,963.925
20141023  02:11:00,964.0,964.25,964.0,964.25,10,964.15
20141023  02:12:00,964.25,964.25,964.25,964.25,1,964.25
20141023  02:13:00,964.25,964.25,964.25,964.25,1,964.25
20141023  02:14:00,964.25,964.25,964.25,964.25,13,964.25
20141023  02:15:00,964.25,964.25,964.25,964.25,0,964.25
20141023  02:16:00,964.25,964.25,964.25,964.25,0,964.25
20141023  02:17:00,964.25,964.25,964.25,964.25,0,964.25
20141023  02:18:00,964.25,964.5,964.25,964.25,6,964.3
20141023  02:19:00,964.5,964.5,964.5,964.5,4,964.5
20141023  02:20:00,964.75,965.5,964.75,965.5,173,965.125
20141023  02:21:00,965.5,966.25,965.5,966.25,89,965.65
20141023  02:22:00,966.25,966.75,966.25,966.5,11,966.5
20141023  02:23:00,966.25,966.25,965.0,965.0,57,965.9
20141023  02:24:00,965.0,965.0,964.75,965.0,27,964.825
20141023  02:25:00,965.0,965.0,965.0,965.0,2,965.0
20141023  02:26:00,965.25,966.25,965.25,966.25,38,965.625
20141023  02:27:00,966.25,967.5,966.0,967.25,73,966.925
20141023  02:28:00,967.0,967.0,967.0,967.0,8,967.0
20141023  02:29:00,967.0,967.0,967.0,967.0,0,967.0
20141023  02:30:00,966.75,967.25,966.5,967.25,29,966.75
20141023  02:31:00,967.0,967.0,967.0,967.0,1,967.0
20141023  02:32:00,966.75,967.0,966.75,967.0,25,966.875
20141023  02:33:00,967.0,967.0,967.0,967.0,18,967.0
20141023  02:34:00,966.75,966.75,966.75,966.75,10,966.75
20141023  02:35:00,966.75,966.75,966.75,966.75,6,966.75
20141023  02:36:00,967.0,967.0,967.0,967.0,10,967.0
20141023  02:37:00,967.0,967.0,967.0,967.0,1,967.0
20141023  02:38:00,966.75,967.0,966.75,966.75,12,966.925
20141023  02:39:00,966.75,967.0,966.75,967.0,16,966.975
20141023  02:40:00,967.0,967.0,967.0,967.0,0,967.0
20141023  02:41:00,966.75,966.75,966.75,966.75,7,966.75
20141023  02:42:00,966.75,966.75,966.75,966.75,4,966.75
20141023  02:43:00,966.75,966.75,966.25,966.25,11,966.475
20141023  02:44:00,966.25,966.25,965.75,965.75,23,966.025
20141023  02:45:00,965.75,965.75,965.75,965.75,1,965.75
20141023  02:46:00,966.25,966.5,966.0,966.0,206,966.0
20141023  02:47:00,966.0,966.0,965.75,966.0,82,965.975
20141023  02:48:00,966.0,966.0,966.0,966.0,0,966.0
20141023  02:49:00,966.25,966.25,966.0,966.0,8,966.05
20141023  02:50:00,966.0,966.0,966.0,966.0,0,966.0
20141023  02:51:00,966.0,966.0,966.0,966.0,0,966.0
20141023  02:52:00,966.0,966.0,966.0,966.0,11,966.0
20141023  02:53:00,966.0,966.0,966.0,966.0,0,966.0
20141023  02:54:00,966.0,966.0,966.0,966.0,0,966.0
20141023  02:55:00,966.0,966.0,966.0,966.0,3,966.0
20141023  02:56:00,966.0,966.0,965.5,965.5,7,965.9
20141023  02:57:00,965.25,965.25,965.25,965.25,2,965.25
20141023  02:58:00,965.25,965.25,965.0,965.0,50,965.025
20141023  02:59:00,965.0,966.5,965.0,965.75,18,965.8
20141023  03:00:00,965.5,965.5,965.5,965.5,3,965.5
20141023  03:01:00,965.5,965.5,965.5,965.5,1,965.5
20141023  03:02:00,965.25,965.25,965.25,965.25,4,965.25
20141023  03:03:00,965.0,965.0,965.0,965.0,22,965.0
20141023  03:04:00,965.25,965.25,965.25,965.25,3,965.25
20141023  03:05:00,965.25,965.5,965.25,965.5,4,965.375
20141023  03:06:00,965.5,965.75,965.5,965.5,12,965.575
20141023  03:07:00,965.5,965.5,965.0,965.25,51,965.025
20141023  03:08:00,965.25,965.25,965.25,965.25,0,965.25
20141023  03:09:00,965.25,965.25,965.25,965.25,2,965.25
20141023  03:10:00,965.25,965.25,965.25,965.25,0,965.25
20141023  03:11:00,965.25,965.25,965.25,965.25,5,965.25
20141023  03:12:00,965.25,965.25,965.25,965.25,1,965.25
20141023  03:13:00,965.5,967.25,965.5,966.75,42,966.45
20141023  03:14:00,967.0,967.0,965.75,965.75,46,966.5
20141023  03:15:00,966.25,967.0,966.25,966.5,20,966.675
20141023  03:16:00,966.5,966.5,966.5,966.5,8,966.5
20141023  03:17:00,966.5,966.5,966.5,966.5,0,966.5
20141023  03:18:00,966.25,966.5,966.25,966.25,17,966.35
20141023  03:19:00,966.25,966.25,966.25,966.25,1,966.25
20141023  03:20:00,966.25,966.25,966.25,966.25,0,966.25
20141023  03:21:00,966.25,966.25,966.25,966.25,1,966.25
20141023  03:22:00,966.25,966.25,966.25,966.25,1,966.25
20141023  03:23:00,966.25,966.25,966.25,966.25,0,966.25
20141023  03:24:00,966.25,966.25,966.25,966.25,2,966.25
20141023  03:25:00,966.25,966.25,966.25,966.25,1,966.25
20141023  03:26:00,966.5,967.0,966.5,967.0,53,966.725
20141023  03:27:00,967.0,967.0,967.0,967.0,0,967.0
20141023  03:28:00,966.75,966.75,966.75,966.75,1,966.75
20141023  03:29:00,967.0,967.0,967.0,967.0,4,967.0
20141023  03:30:00,966.75,966.75,966.5,966.5,13,966.575
20141023  03:31:00,966.5,966.75,966.5,966.75,4,966.7
20141023  03:32:00,966.75,966.75,966.75,966.75,0,966.75
20141023  03:33:00,966.75,966.75,966.75,966.75,0,966.75
20141023  03:34:00,966.5,966.5,966.25,966.25,7,966.35
20141023  03:35:00,966.0,966.0,965.75,965.75,80,966.0
20141023  03:36:00,965.5,965.5,965.25,965.5,24,965.4
20141023  03:37:00,965.75,966.5,965.75,966.5,8,966.2
20141023  03:38:00,966.5,966.5,966.5,966.5,1,966.5
20141023  03:39:00,966.75,966.75,966.75,966.75,2,966.75
20141023  03:40:00,966.75,966.75,966.75,966.75,0,966.75
20141023  03:41:00,966.75,966.75,966.75,966.75,1,966.75
20141023  03:42:00,966.75,967.0,966.75,967.0,18,966.875
20141023  03:43:00,967.0,967.25,967.0,967.0,14,967.2
20141023  03:44:00,967.0,967.0,967.0,967.0,0,967.0
20141023  03:45:00,966.75,966.75,966.5,966.75,7,966.725
20141023  03:46:00,966.5,966.5,966.25,966.25,5,966.45
20141023  03:47:00,966.25,967.0,966.25,967.0,30,966.65
20141023  03:48:00,966.75,966.75,966.0,966.0,20,966.5
20141023  03:49:00,965.75,965.75,964.5,965.5,52,965.075
20141023  03:50:00,965.5,965.5,965.25,965.25,23,965.45
20141023  03:51:00,965.25,965.25,964.25,964.25,15,964.625
20141023  03:52:00,964.25,964.25,964.25,964.25,3,964.25
20141023  03:53:00,964.25,964.25,964.25,964.25,0,964.25
20141023  03:54:00,964.25,964.25,964.25,964.25,0,964.25
20141023  03:55:00,964.0,964.0,964.0,964.0,33,964.0
20141023  03:56:00,964.0,964.0,964.0,964.0,1,964.0
20141023  03:57:00,964.0,964.0,964.0,964.0,10,964.0
20141023  03:58:00,964.25,965.25,964.25,965.0,40,964.45
20141023  03:59:00,965.0,965.0,965.0,965.0,0,965.0
20141023  04:00:00,965.0,965.0,965.0,965.0,0,965.0
20141023  04:01:00,965.5,965.75,965.5,965.75,11,965.6
20141023  04:02:00,965.75,965.75,965.75,965.75,0,965.75
20141023  04:03:00,965.75,965.75,965.75,965.75,0,965.75
20141023  04:04:00,965.75,965.75,965.75,965.75,0,965.75
20141023  04:05:00,965.5,965.5,965.5,965.5,4,965.5
20141023  04:06:00,965.5,965.5,965.5,965.5,0,965.5
20141023  04:07:00,965.0,965.0,964.25,964.25,3,964.575
20141023  04:08:00,964.75,964.75,964.75,964.75,1,964.75
20141023  04:09:00,964.75,964.75,964.75,964.75,2,964.75
20141023  04:10:00,964.75,965.0,964.75,965.0,6,964.925
20141023  04:11:00,965.5,966.0,965.25,965.5,23,965.65
20141023  04:12:00,965.0,965.0,965.0,965.0,1,965.0
20141023  04:13:00,965.0,965.0,965.0,965.0,0,965.0
20141023  04:14:00,965.0,965.0,965.0,965.0,0,965.0
20141023  04:15:00,965.0,965.0,965.0,965.0,0,965.0
20141023  04:16:00,965.25,965.25,965.25,965.25,3,965.25
20141023  04:17:00,965.25,965.25,965.25,965.25,0,965.25
20141023  04:18:00,965.25,965.25,965.25,965.25,0,965.25
20141023  04:19:00,965.0,965.0,965.0,965.0,6,965.0
20141023  04:20:00,965.0,965.0,965.0,965.0,0,965.0
20141023  04:21:00,965.0,965.0,965.0,965.0,0,965.0
20141023  04:22:00,965.0,965.0,965.0,965.0,0,965.0
20141023  04:23:00,964.75,964.75,964.5,964.5,6,964.625
20141023  04:24:00,964.25,964.25,964.0,964.0,3,964.175
20141023  04:25:00,964.0,965.25,964.0,965.25,15,964.775
20141023  04:26:00,965.5,965.5,965.5,965.5,1,965.5
20141023  04:27:00,965.25,965.25,965.25,965.25,1,965.25
20141023  04:28:00,965.0,965.0,964.0,964.0,10,964.4
20141023  04:29:00,964.25,964.25,964.0,964.0,4,964.125
20141023  04:30:00,964.25,964.25,964.25,964.25,2,964.25
20141023  04:31:00,964.5,965.0,964.5,964.75,17,964.775
20141023  04:32:00,964.5,964.5,964.0,964.25,56,964.15
20141023  04:33:00,964.5,964.5,964.25,964.5,3,964.425
20141023  04:34:00,964.75,964.75,964.0,964.0,21,964.425
20141023  04:35:00,964.0,964.0,963.5,963.5,27,963.95
20141023  04:36:00,963.5,963.5,963.25,963.5,6,963.45
20141023  04:37:00,963.5,963.5,963.25,963.25,4,963.375
20141023  04:38:00,963.25,963.25,963.0,963.25,8,963.2
20141023  04:39:00,963.25,963.5,962.75,962.75,34,963.025
20141023  04:40:00,962.75,962.75,962.75,962.75,0,962.75
20141023  04:41:00,962.75,962.75,962.75,962.75,0,962.75
20141023  04:42:00,962.75,962.75,962.75,962.75,1,962.75
20141023  04:43:00,962.75,962.75,962.75,962.75,8,962.75
20141023  04:44:00,962.5,962.75,962.5,962.75,2,962.625
20141023  04:45:00,962.75,963.0,962.75,963.0,14,962.925
20141023  04:46:00,963.0,963.0,962.75,962.75,9,962.9
20141023  04:47:00,963.0,964.0,963.0,963.75,36,963.375
20141023  04:48:00,963.75,964.0,963.75,964.0,72,964.0
20141023  04:49:00,964.0,964.0,963.75,964.0,28,964.0
20141023  04:50:00,963.75,963.75,963.75,963.75,6,963.75
20141023  04:51:00,963.5,963.5,963.5,963.5,2,963.5
20141023  04:52:00,963.5,963.5,963.25,963.25,6,963.375
20141023  04:53:00,963.25,963.25,963.25,963.25,5,963.25
20141023  04:54:00,963.0,963.0,963.0,963.0,1,963.0
20141023  04:55:00,963.25,963.25,963.25,963.25,3,963.25
20141023  04:56:00,963.0,963.0,962.25,962.25,38,962.675
20141023  04:57:00,962.0,962.0,961.5,961.5,46,961.725
20141023  04:58:00,961.5,961.5,961.25,961.5,15,961.45
20141023  04:59:00,961.5,961.75,961.5,961.75,12,961.675
20141023  05:00:00,961.5,961.5,961.5,961.5,18,961.5
20141023  05:01:00,961.75,961.75,961.75,961.75,6,961.75
20141023  05:02:00,962.0,962.25,962.0,962.0,24,962.05
20141023  05:03:00,961.75,962.0,961.75,962.0,8,961.875
20141023  05:04:00,962.0,962.0,961.5,961.5,17,961.9
20141023  05:05:00,961.75,962.25,961.75,961.75,46,962.0
20141023  05:06:00,962.0,962.0,961.5,962.0,71,961.8
20141023  05:07:00,962.0,962.0,961.25,961.75,39,961.6
20141023  05:08:00,961.5,962.0,961.5,962.0,11,961.75
20141023  05:09:00,962.25,962.25,961.75,961.75,22,962.125
20141023  05:10:00,961.75,961.75,961.0,961.0,45,961.35
20141023  05:11:00,961.25,961.25,961.0,961.0,55,961.05
20141023  05:12:00,961.25,961.25,961.0,961.0,21,961.025
20141023  05:13:00,961.0,961.25,961.0,961.25,3,961.175
20141023  05:14:00,961.25,961.25,961.0,961.0,8,961.025
20141023  05:15:00,961.0,961.25,961.0,961.25,10,961.15
20141023  05:16:00,961.5,962.0,961.5,961.75,37,961.825
20141023  05:17:00,961.75,961.75,961.5,961.5,3,961.575
20141023  05:18:00,961.75,961.75,961.5,961.5,4,961.7
20141023  05:19:00,961.75,961.75,961.75,961.75,6,961.75
20141023  05:20:00,961.75,962.0,961.75,962.0,17,961.85
20141023  05:21:00,962.0,962.0,962.0,962.0,14,962.0
20141023  05:22:00,962.0,962.0,961.5,961.5,86,961.775
20141023  05:23:00,961.75,962.0,961.75,961.75,27,961.925
20141023  05:24:00,961.75,962.0,961.75,962.0,63,962.0
20141023  05:25:00,962.0,962.0,962.0,962.0,23,962.0
20141023  05:26:00,962.25,962.25,961.75,961.75,14,962.05
20141023  05:27:00,962.0,962.0,962.0,962.0,5,962.0
20141023  05:28:00,962.0,962.25,962.0,962.25,10,962.025
20141023  05:29:00,962.5,962.75,961.75,962.0,84,962.425
20141023  05:30:00,962.25,964.5,962.25,964.25,113,963.375
20141023  05:31:00,964.0,966.0,962.5,965.75,278,964.675
20141023  05:32:00,965.5,965.5,961.75,962.0,149,963.425
20141023  05:33:00,961.75,963.0,961.5,962.75,116,962.475
20141023  05:34:00,963.0,964.25,963.0,964.25,96,963.775
20141023  05:35:00,964.5,965.5,964.5,965.0,149,964.925
20141023  05:36:00,965.25,965.25,964.0,964.0,42,964.625
20141023  05:37:00,964.0,964.75,964.0,964.75,22,964.5
20141023  05:38:00,964.5,964.75,964.0,964.0,25,964.275
20141023  05:39:00,964.0,964.5,964.0,964.5,11,964.275
20141023  05:40:00,965.0,965.75,964.75,965.5,58,965.175
20141023  05:41:00,965.5,965.75,965.5,965.75,24,965.75
20141023  05:42:00,965.5,965.75,965.5,965.75,13,965.7
20141023  05:43:00,966.0,966.5,965.75,966.0,31,965.975
20141023  05:44:00,966.5,966.5,966.0,966.0,47,966.325
20141023  06:30:00,966.0,967.25,965.75,967.0,997,966.525
20141023  06:31:00,967.25,969.0,966.5,967.0,943,967.975
20141023  06:32:00,967.0,969.5,967.0,969.5,529,968.95
20141023  06:33:00,969.25,969.5,965.25,966.25,614,967.4
20141023  06:34:00,966.25,969.0,966.25,968.5,230,967.75
20141023  06:35:00,968.5,968.5,967.25,967.75,335,967.6
20141023  06:36:00,967.75,969.5,967.75,969.0,426,968.7
20141023  06:37:00,968.75,969.25,967.0,967.25,565,968.25
20141023  06:38:00,967.0,968.25,966.25,968.0,569,967.125
20141023  06:39:00,968.0,969.25,967.5,969.0,258,968.625
20141023  06:40:00,969.0,969.0,968.0,968.5,331,968.425
20141023  06:41:00,968.5,969.75,968.5,969.25,360,969.3
20141023  06:42:00,969.0,969.25,968.25,968.5,203,968.875
20141023  06:43:00,968.75,969.0,968.0,968.5,147,968.55
20141023  06:44:00,968.5,969.75,968.5,969.5,290,969.2
20141023  06:45:00,969.75,973.5,969.75,972.25,1047,971.65
20141023  06:46:00,972.5,972.75,969.25,970.0,630,970.575
20141023  06:47:00,970.25,971.0,970.25,970.75,176,970.575
20141023  06:48:00,970.75,971.25,969.5,970.5,317,970.425
20141023  06:49:00,970.5,970.75,968.5,968.5,221,969.125
20141023  06:50:00,968.75,969.0,968.0,968.75,332,968.425
20141023  06:51:00,968.75,969.0,967.75,969.0,232,968.4
20141023  06:52:00,969.0,969.25,968.25,968.25,93,968.775
20141023  06:53:00,968.5,968.5,968.0,968.25,252,968.425
20141023  06:54:00,968.25,968.75,968.25,968.5,86,968.575
20141023  06:55:00,968.5,969.0,968.5,968.75,48,968.675
20141023  06:56:00,968.75,970.5,968.75,969.25,342,969.675
20141023  06:57:00,969.0,969.5,968.75,969.25,46,969.125
20141023  06:58:00,969.25,969.5,968.75,969.25,174,969.0
20141023  06:59:00,969.0,969.0,968.25,969.0,74,968.675
20141023  07:00:00,969.25,971.25,969.0,971.0,232,970.35
20141023  07:01:00,971.0,971.5,970.75,970.75,209,971.05
20141023  07:02:00,970.75,971.0,970.25,970.25,76,970.6
20141023  07:03:00,970.25,971.75,970.0,971.0,155,971.1
20141023  07:04:00,971.25,972.5,971.25,972.25,245,971.975
20141023  07:05:00,972.5,972.75,972.25,972.5,120,972.5
20141023  07:06:00,972.25,972.25,971.25,971.5,191,971.7
20141023  07:07:00,971.25,972.25,971.25,972.25,113,972.0
20141023  07:08:00,972.25,972.5,971.75,971.75,62,972.075
20141023  07:09:00,971.5,971.75,971.5,971.75,78,971.65
20141023  07:10:00,971.75,971.75,971.0,971.75,264,971.475
20141023  07:11:00,971.75,971.75,971.0,971.5,131,971.45
20141023  07:12:00,971.75,971.75,971.0,971.25,71,971.425
20141023  07:13:00,971.5,971.5,971.25,971.25,22,971.375
20141023  07:14:00,971.5,972.0,971.25,971.5,129,971.55
20141023  07:15:00,971.5,972.5,971.5,972.5,83,972.0
20141023  07:16:00,972.5,972.75,971.5,972.0,152,972.1
20141023  07:17:00,972.0,972.5,972.0,972.25,77,972.275
20141023  07:18:00,972.25,972.5,972.0,972.25,51,972.325
20141023  07:19:00,972.25,972.75,972.25,972.75,105,972.475
20141023  07:20:00,972.75,972.75,972.25,972.5,140,972.625
20141023  07:21:00,972.5,972.5,972.25,972.5,27,972.475
20141023  07:22:00,972.5,972.75,972.5,972.75,199,972.575
20141023  07:23:00,972.75,972.75,972.25,972.5,118,972.55
20141023  07:24:00,972.5,972.75,972.25,972.25,105,972.5
20141023  07:25:00,972.25,972.5,972.0,972.5,104,972.4
20141023  07:26:00,972.5,972.75,972.25,972.25,113,972.5
20141023  07:27:00,972.5,973.0,972.25,973.0,226,972.825
20141023  07:28:00,973.0,973.0,972.5,972.75,71,972.775
20141023  07:29:00,973.0,973.25,972.75,973.0,90,973.075
20141023  07:30:00,973.25,973.75,972.75,973.75,325,973.45
20141023  07:31:00,973.5,975.0,973.5,974.25,533,974.45
20141023  07:32:00,974.5,974.5,973.5,973.5,232,973.925
20141023  07:33:00,974.0,974.5,973.5,974.5,153,973.925
20141023  07:34:00,974.5,974.5,973.5,973.75,114,974.125
20141023  07:35:00,973.75,974.0,973.25,973.5,105,973.75
20141023  07:36:00,973.25,973.75,973.25,973.25,271,973.45
20141023  07:37:00,973.5,973.75,973.25,973.25,56,973.425
20141023  07:38:00,973.25,973.75,972.75,972.75,154,973.05
20141023  07:39:00,972.75,973.0,971.75,972.0,280,972.175
20141023  07:40:00,972.0,972.75,971.75,972.5,128,972.275
20141023  07:41:00,972.5,972.5,970.5,970.75,466,971.35
20141023  07:42:00,970.75,971.75,970.75,971.75,184,971.225
20141023  07:43:00,972.0,973.0,972.0,972.75,218,972.475
20141023  07:44:00,972.75,973.5,972.75,973.25,208,973.25
20141023  07:45:00,973.25,973.75,973.0,973.5,132,973.575
20141023  07:46:00,973.5,974.0,973.5,973.5,89,973.725
20141023  07:47:00,973.75,974.25,973.75,973.75,263,974.0
20141023  07:48:00,973.75,974.75,973.75,974.75,243,974.475
20141023  07:49:00,974.75,975.75,973.75,974.25,802,975.05
20141023  07:50:00,974.0,976.0,974.0,976.0,470,975.6
20141023  07:51:00,975.75,976.0,974.5,974.5,259,975.3
20141023  07:52:00,974.5,974.75,973.75,974.25,186,974.275
20141023  07:53:00,974.5,975.75,974.5,975.5,187,975.075
20141023  07:54:00,975.25,975.5,974.5,975.5,141,975.075
20141023  07:55:00,975.5,976.0,975.25,975.5,59,975.6
20141023  07:56:00,975.25,975.5,975.0,975.0,87,975.35
20141023  07:57:00,975.25,975.25,974.25,974.25,97,974.65
20141023  07:58:00,974.25,975.0,974.25,974.75,102,974.85
20141023  07:59:00,974.75,975.25,974.5,974.5,78,974.85
20141023  08:00:00,974.75,974.75,974.25,974.75,92,974.575
20141023  08:01:00,974.75,975.0,974.25,974.25,129,974.65
20141023  08:02:00,974.25,975.0,973.75,974.5,121,974.4
20141023  08:03:00,974.5,974.5,973.75,973.75,114,974.25
20141023  08:04:00,973.75,973.75,973.25,973.5,99,973.575
20141023  08:05:00,973.5,973.75,972.5,972.75,254,973.05
20141023  08:06:00,972.75,973.0,972.75,972.75,68,972.875
20141023  08:07:00,972.5,973.5,972.5,973.25,126,973.15
20141023  08:08:00,973.5,973.5,973.0,973.5,121,973.425
20141023  08:09:00,973.5,973.75,973.25,973.5,91,973.5
20141023  08:10:00,973.5,974.0,973.5,973.5,171,973.7
20141023  08:11:00,973.5,973.75,972.5,973.0,144,972.925
20141023  08:12:00,972.75,974.5,972.75,973.75,317,974.025
20141023  08:13:00,973.75,974.75,973.5,974.5,99,974.075
20141023  08:14:00,974.75,974.75,974.25,974.25,141,974.6
20141023  08:15:00,974.25,975.0,974.25,974.75,108,974.65
20141023  08:16:00,974.75,974.75,974.25,974.5,52,974.45
20141023  08:17:00,974.75,974.75,974.25,974.5,96,974.525
20141023  08:18:00,974.5,975.5,974.5,975.25,474,974.95
20141023  08:19:00,975.0,975.75,975.0,975.25,274,975.525
20141023  08:20:00,975.25,975.75,975.0,975.5,73,975.4
20141023  08:21:00,975.75,975.75,974.75,975.0,124,975.325
20141023  08:22:00,975.25,976.75,975.0,976.5,465,976.25
20141023  08:23:00,976.25,976.5,975.5,975.5,204,975.95
20141023  08:24:00,975.5,976.0,975.5,976.0,187,975.9
20141023  08:25:00,976.0,978.0,975.75,977.75,870,977.175
20141023  08:26:00,977.25,978.0,976.75,977.25,419,977.35
20141023  08:27:00,977.25,977.25,976.5,976.5,177,976.875
20141023  08:28:00,976.5,977.0,975.5,976.25,265,976.1
20141023  08:29:00,976.25,976.25,975.5,975.75,113,975.825
20141023  08:30:00,975.75,977.25,975.5,977.25,238,976.675
20141023  08:31:00,977.25,977.25,976.5,976.75,169,976.925
20141023  08:32:00,977.0,977.5,976.5,977.25,218,976.925
20141023  08:33:00,977.0,977.5,977.0,977.0,109,977.15
20141023  08:34:00,977.25,978.0,977.25,977.75,144,977.55
20141023  08:35:00,977.75,978.0,977.75,977.75,48,977.825
20141023  08:36:00,977.5,977.5,977.0,977.25,175,977.325
20141023  08:37:00,977.25,978.5,977.0,978.5,755,978.05
20141023  08:38:00,978.25,978.25,977.75,978.25,364,978.1
20141023  08:39:00,978.5,978.75,977.75,977.75,397,978.3
20141023  08:40:00,977.75,978.0,977.75,978.0,61,977.975
20141023  08:41:00,978.25,978.5,978.0,978.25,283,978.2
20141023  08:42:00,978.25,978.5,978.0,978.5,55,978.275
20141023  08:43:00,978.5,978.75,978.5,978.75,120,978.575
20141023  08:44:00,978.75,978.75,978.0,978.5,84,978.425
20141023  08:45:00,978.75,979.0,978.5,979.0,617,978.925
20141023  08:46:00,978.75,979.0,978.5,979.0,286,978.875
20141023  08:47:00,978.75,979.0,978.5,978.75,116,978.725
20141023  08:48:00,978.5,978.5,977.5,977.5,402,978.05
20141023  08:49:00,977.5,978.0,977.25,978.0,101,977.575
20141023  08:50:00,978.0,979.5,978.0,979.25,370,979.0
20141023  08:51:00,979.5,979.5,979.0,979.0,165,979.25
20141023  08:52:00,979.0,979.5,979.0,979.0,149,979.15
20141023  08:53:00,978.75,979.0,978.75,979.0,49,978.9
20141023  08:54:00,978.75,979.25,978.5,979.0,164,978.8
20141023  08:55:00,979.0,979.25,979.0,979.0,53,979.025
20141023  08:56:00,979.25,979.25,979.0,979.0,36,979.1
20141023  08:57:00,979.25,979.25,979.0,979.0,67,979.175
20141023  08:58:00,979.25,979.25,978.75,978.75,185,978.925
20141023  08:59:00,978.75,979.25,978.75,979.0,75,978.975
20141023  09:00:00,979.25,980.0,979.0,980.0,900,979.825
20141023  09:01:00,979.75,980.0,979.25,979.75,189,979.625
20141023  09:02:00,979.5,980.0,979.5,980.0,160,979.825
20141023  09:03:00,980.0,980.0,979.5,979.75,263,979.975
20141023  09:04:00,980.0,980.0,979.5,979.75,170,979.7
20141023  09:05:00,979.75,980.75,979.75,980.5,620,980.425
20141023  09:06:00,980.5,980.75,979.75,980.5,348,980.275
20141023  09:07:00,980.25,980.5,980.25,980.25,146,980.325
20141023  09:08:00,980.5,981.0,980.0,980.75,197,980.525
20141023  09:09:00,980.5,980.75,980.25,980.75,170,980.575
20141023  09:10:00,981.0,981.0,980.5,980.5,57,980.625
20141023  09:11:00,980.5,981.0,980.25,981.0,197,980.8
20141023  09:12:00,980.75,981.0,980.5,980.75,200,980.775
20141023  09:13:00,980.75,981.0,980.5,980.75,105,980.7
20141023  09:14:00,980.75,980.75,980.5,980.5,42,980.675
20141023  09:15:00,980.5,982.0,980.5,982.0,1977,981.5
20141023  09:16:00,981.75,982.0,981.75,981.75,275,981.925
20141023  09:17:00,981.75,983.75,981.75,983.25,1446,982.675
20141023  09:18:00,983.25,984.75,983.0,983.75,1697,983.925
20141023  09:19:00,984.0,984.0,982.5,982.5,537,983.025
20141023  09:20:00,982.5,983.25,982.25,982.5,387,982.725
20141023  09:21:00,982.5,982.5,981.5,981.75,327,982.0
20141023  09:22:00,981.75,982.25,981.75,982.25,317,981.825
20141023  09:23:00,982.25,983.5,982.0,983.5,249,983.025
20141023  09:24:00,983.5,983.75,982.25,982.5,219,983.075
20141023  09:25:00,982.25,984.0,982.25,983.25,527,983.25
20141023  09:26:00,983.25,983.25,982.5,982.75,127,982.9
20141023  09:27:00,982.5,984.0,982.25,983.75,534,983.6
20141023  09:28:00,984.0,984.0,982.5,982.75,220,983.225
20141023  09:29:00,982.75,983.0,982.0,982.5,315,982.425
20141023  09:30:00,982.25,982.25,981.75,981.75,200,981.975
20141023  09:31:00,982.0,982.0,981.75,981.75,64,981.875
20141023  09:32:00,981.75,982.0,981.75,981.75,173,981.8
20141023  09:33:00,982.0,983.25,982.0,983.0,166,982.675
20141023  09:34:00,983.0,983.0,982.5,982.5,68,982.9
20141023  09:35:00,982.75,983.25,982.75,982.75,83,983.05
20141023  09:36:00,982.75,983.0,981.5,981.5,225,982.25
20141023  09:37:00,981.5,982.0,981.25,981.25,101,981.525
20141023  09:38:00,981.5,981.5,981.0,981.25,386,981.275
20141023  09:39:00,981.0,981.5,980.5,981.0,249,981.025
20141023  09:40:00,981.0,981.25,980.5,981.0,194,980.7
20141023  09:41:00,981.0,982.5,981.0,982.5,139,981.775
20141023  09:42:00,982.5,983.25,982.25,983.0,186,982.85
20141023  09:43:00,983.0,983.25,982.0,982.25,89,982.8
20141023  09:44:00,982.5,983.0,982.5,982.5,126,982.65
20141023  09:45:00,982.75,983.25,982.5,982.5,186,983.025
20141023  09:46:00,982.75,983.75,982.75,983.75,303,983.525
20141023  09:47:00,983.75,983.75,983.0,983.5,169,983.525
20141023  09:48:00,983.5,983.75,983.25,983.5,93,983.5
20141023  09:49:00,983.5,983.75,983.25,983.5,170,983.575
20141023  09:50:00,983.75,985.0,983.75,984.75,817,984.675
20141023  09:51:00,984.75,985.0,984.5,984.75,194,984.7
20141023  09:52:00,984.75,985.0,984.0,984.75,379,984.725
20141023  09:53:00,984.5,986.25,984.5,985.5,1704,985.625
20141023  09:54:00,985.75,987.5,985.75,987.25,1191,986.65
20141023  09:55:00,987.25,988.75,987.25,987.75,1188,987.95
20141023  09:56:00,987.75,987.75,985.5,985.75,623,986.625
20141023  09:57:00,985.5,987.25,985.0,987.25,564,986.2
20141023  09:58:00,987.25,988.75,987.25,988.0,739,988.15
20141023  09:59:00,988.25,988.75,987.5,987.5,688,988.525
20141023  10:00:00,987.5,987.75,986.0,986.25,356,986.825
20141023  10:01:00,986.0,986.5,984.5,985.5,588,985.225
20141023  10:02:00,985.25,986.25,985.0,985.0,248,985.775
20141023  10:03:00,985.0,986.5,984.75,986.5,181,985.35
20141023  10:04:00,986.0,986.5,985.75,986.25,88,986.175
20141023  10:05:00,986.5,986.5,985.75,986.0,216,986.175
20141023  10:06:00,985.75,985.75,984.75,985.25,248,985.225
20141023  10:07:00,985.5,985.75,985.0,985.5,129,985.375
20141023  10:08:00,985.75,985.75,985.25,985.25,228,985.625
20141023  10:09:00,985.25,985.5,985.0,985.5,240,985.35
20141023  10:10:00,985.5,985.5,984.5,984.75,256,984.925
20141023  10:11:00,984.5,984.75,984.0,984.5,214,984.375
20141023  10:12:00,984.5,984.75,984.0,984.25,172,984.3
20141023  10:13:00,984.5,984.75,984.0,984.5,108,984.375
20141023  10:14:00,984.75,985.5,984.25,985.5,202,984.75
20141023  10:15:00,985.25,985.25,984.5,984.5,211,984.9
20141023  10:16:00,984.75,985.0,984.75,984.75,124,984.825
20141023  10:17:00,985.0,985.0,984.5,984.75,136,984.75
20141023  10:18:00,984.75,985.0,984.75,985.0,142,984.975
20141023  10:19:00,984.75,985.5,984.5,985.5,435,984.875
20141023  10:20:00,985.5,985.75,984.5,984.5,233,985.175
20141023  10:21:00,984.75,985.75,984.25,985.75,164,984.75
20141023  10:22:00,986.0,986.25,985.5,985.5,102,985.875
20141023  10:23:00,985.75,986.0,985.0,985.0,105,985.55
20141023  10:24:00,985.0,985.25,984.5,985.25,86,984.85
20141023  10:25:00,985.25,986.0,985.0,985.75,162,985.75
20141023  10:26:00,986.0,986.5,985.75,986.0,135,986.15
20141023  10:27:00,986.0,987.0,986.0,986.5,103,986.275
20141023  10:28:00,986.75,987.25,986.5,987.0,284,986.9
20141023  10:29:00,987.0,987.0,986.0,986.5,158,986.525
20141023  10:30:00,986.75,987.25,986.25,986.5,194,986.9
20141023  10:31:00,986.5,987.0,985.75,987.0,206,986.325
20141023  10:32:00,987.0,987.25,986.5,987.0,52,986.975
20141023  10:33:00,986.75,987.0,986.0,986.25,218,986.325
20141023  10:34:00,986.25,987.75,985.75,987.5,664,987.0
20141023  10:35:00,987.75,988.75,987.75,988.75,624,988.25
20141023  10:36:00,988.5,990.0,988.25,989.5,908,989.3
20141023  10:37:00,989.5,990.5,989.25,990.25,876,989.975
20141023  10:38:00,990.0,990.5,990.0,990.5,285,990.35
20141023  10:39:00,990.5,991.0,990.25,990.75,480,990.575
20141023  10:40:00,990.5,991.0,990.25,990.75,286,990.65
20141023  10:41:00,990.5,991.5,990.5,991.0,752,991.15
20141023  10:42:00,990.75,992.25,990.5,992.0,851,991.75
20141023  10:43:00,991.75,992.25,990.5,991.75,878,991.725
20141023  10:44:00,991.5,991.75,991.25,991.75,274,991.4
20141023  10:45:00,992.0,992.0,989.75,990.25,943,990.625
20141023  10:46:00,990.5,991.25,989.75,991.0,688,990.65
20141023  10:47:00,991.0,991.25,989.75,989.75,294,990.55
20141023  10:48:00,989.75,990.25,989.0,989.25,253,989.775
20141023  10:49:00,989.25,989.5,988.75,989.0,212,989.175
20141023  10:50:00,989.0,989.0,988.5,988.5,150,988.725
20141023  10:51:00,988.5,989.75,988.5,989.75,190,989.175
20141023  10:52:00,990.0,990.0,989.5,989.75,114,989.75
20141023  10:53:00,989.75,990.5,989.75,990.0,242,990.15
20141023  10:54:00,990.0,990.75,990.0,990.5,127,990.45
20141023  10:55:00,990.25,990.75,990.25,990.5,211,990.525
20141023  10:56:00,990.5,991.25,989.75,990.75,441,990.575
20141023  10:57:00,990.5,991.0,990.25,990.75,175,990.7
20141023  10:58:00,990.5,991.5,990.5,991.5,165,991.15
20141023  10:59:00,991.25,991.5,990.5,991.0,314,991.05
20141023  11:00:00,991.0,992.25,990.75,991.75,1315,991.85
20141023  11:01:00,991.75,992.0,991.25,991.5,286,991.675
20141023  11:02:00,991.25,993.0,991.25,991.25,596,992.2
20141023  11:03:00,991.25,992.25,991.25,992.0,367,991.825
20141023  11:04:00,992.0,992.75,991.25,992.5,382,991.95
20141023  11:05:00,992.5,992.5,992.0,992.0,550,992.35
20141023  11:06:00,992.0,992.0,989.25,989.5,845,990.95
20141023  11:07:00,989.5,989.75,988.0,988.5,1094,988.525
20141023  11:08:00,988.5,989.25,988.25,989.25,347,988.85
20141023  11:09:00,989.25,989.75,989.0,989.5,164,989.2
20141023  11:10:00,989.5,991.0,989.0,990.25,388,989.95
20141023  11:11:00,990.25,992.5,990.0,992.0,796,991.35
20141023  11:12:00,992.0,993.5,991.75,993.25,1052,992.825
20141023  11:13:00,993.25,993.5,991.5,991.5,1650,992.325
20141023  11:14:00,991.75,994.25,991.5,993.25,3661,993.5
